<?xml version="1.0" encoding="UTF-8"?>
<!DOCTYPE hibernate-configuration PUBLIC
       "-//Hibernate/Hibernate Configuration DTD 3.0//EN"
        "http://hibernate.sourceforge.net/hibernate-configuration-3.0.dtd">
<hibernate-configuration>
    <session-factory>
        <!-- specify database driver -->
        <property name="hibernate.connection.driver_class">com.mysql.cj.jdbc.Driver</property>
        <property name="hibernate.connection.url"> jdbc:mysql://localhost/TEST</property>
        <!-- database username -->
        <property name="hibernate.connection.username">root</property>
        <!-- database password -->
        <property name="connection.password">Itsa@12345</property>
        <!-- database dialect, different for different databases -->
        <property name="hibernate.dialect"> org.hibernate.dialect.MySQLDialect</property>
        <!-- true value shows SQL query that is generated by hibrnate -->
        <property name="show_sql">true</property>
 
        <property name="hbm2ddl.auto">update</property>
        <!-- to bind hibernate session to current running java thread -->
        <property name="current_session_context_class">thread</property>
        <!-- path of hibernate mapping file -->
        <mapping resource="com/javawebtutor/hibernate/Employee.hbm.xml"></mapping>
    </session-factory>
</hibernate-configuration>